,goodsname,goodsprice
0,아카시아스틱꿀15G,1000
1,야생화스틱꿀15G,1000
2,순수고구마(130G/진공포장),2800
3,볶음아몬드30G,1000
4,볶음캐슈넛30G,1000
5,호두25G,1000
6,육분컷)버섯소불고기200G,6500
7,육분컷)파채고추장삼겹살200G,6500
8,오뚜기)오뚜기젤리1800,1800
9,네슬레)킷캣팝스1500,1500
10,세부건망고(40G),2500
11,촉촉한꿀고구마(65G/봉),2800
12,유어스)드로우유딸기300ML,1500
13,유어스)드로우유초코300ML,1500
14,풀무원)잇츠프로틴디카페라떼260,2500
15,풀무원)잇츠프로틴초코260ML,2500
16,돌)람부탄198G,2500
17,돌)망고컵198G,2500
18,돌)배컵198G,2500
19,돌)복숭아컵198G,2500
20,돌)파인애플컵198G,2500
21,롯데)쌀로별1500,1500
22,롯데)오잉1500,1500
23,롯데)오잉불짬뽕맛70G,1500
24,롯데)도리토스(갈비천왕)1500,1500
25,롯데)도리토스(나쵸치즈맛)1500,1500
26,미성)허쉬후퍼스1800,1800
27,마즈)몰티져스밀크3500,3500
28,마즈)몰티져스다크1500,1500
29,마즈)몰티져스밀크1500,1500
30,심플리쿡)반반연탄불고기,6900
31,심플리쿡)연탄불닭목살구이,7900
32,해태)강원평창수2.0L,1500
33,동아)오로나민C120ML,1200
34,유어스(P)한우먹는날양곰탕450G,6500
35,CJ)스팸김치덮밥(컵밥),4500
36,CJ)햇반참치마요덮밥(컵밥),4500
37,CJ)햇반간장계란덮밥(컵밥),4500
38,CJ)햇반강된장보리비빔밥(컵밥),4500
39,CJ)햇반김치날치알밥(컵밥),4500
40,CJ)햇반낙지콩나물비빔밥(컵밥),4500
41,CJ)햇반버터장조림비빔밥,4500
42,CJ)햇반불고기덮밥(컵밥),4500
43,CJ)햇반설렁탕밥(컵밥),4500
44,CJ)햇반스팸마요덮밥(컵밥),4500
45,CJ)햇반제육덮밥(컵밥),4500
46,CJ)햇반치킨마요덮밥(컵밥),4500
47,오리온)닥터유단백질볼1500,1500
48,니베아)립케어모이스춰,4100
49,니베아)립케어스트로베리,4100
50,니베아)립케어체리,4100
51,니베아)립케어포맨,4100
52,니베아)마이노블루한정판립케어,4100
53,니베아립케어망고샤인4.8G,4100
54,머거본)초코츄러스아몬드25G,1200
55,머거본)후렌치후라이드아몬드40G,2000
56,머거본)허니버터아몬드30G,1400
57,맥)행복을주는커피(콜롬비아),1200
58,맥)행복을주는커피(헤이즐넛),1200
59,하림)닭가슴살리얼바(갈릭)80G,2000
60,GS)미니언즈과일젤리1800,1800
61,아이배냇)곡물친구딸기8입,3900
62,아이배냇)곡물친구블루베리8입,3900
63,하겐)녹차파인트,12900
64,하겐)다크초코릿가나슈파인트,12900
65,하겐)딸기파인트,12900
66,하겐)로스티드티라떼파인트,12900
67,하겐)마카다미아파인트,12900
68,하겐)벨지안초콜릿&헤이즐넛파인,12900
69,하겐)브라우니마키아또파인트473,12900
70,하겐)쵸코렛파인트,12900
71,하겐)칸탈로프멜론파인트473ML,12900
72,하겐)쿠키앤크림파인트,12900
73,하겐)피넛버터크런치파인트474ML,12900
74,마즈)이클립스소프트레몬1500,1500
75,마즈)이클립스소프트페퍼1500,1500
76,마즈)이클립스스트로베리2500,2500
77,마즈)이클립스스피어민트2500,2500
78,마즈)이클립스페퍼민트2500,2500
79,마즈)이클립스피치2500,2500
80,마즈)스키틀즈사우워1000,1000
81,마즈)트윅스미니사이즈300,300
82,마즈)스니커즈미니500,500
83,마즈)스니커즈헤이즐넛1900,1900
84,마즈)트윅스싱글4바1900,1900
85,마즈)스니커즈아몬드1200,1200
86,마즈)스니커즈크리스퍼1200,1200
87,마즈)스니커즈피넛싱글1200,1200
88,마즈)트윅스1200,1200
89,동아)박카스맛젤리(신맛)1200,1200
90,동아)박카스맛젤리1200,1200
91,훼밀리)아폴로700,700
92,바주카)쥬시드랍팝3000,3000
93,바주카)트리플푸쉬팝3000,3000
94,일신)트리플파워푸쉬팝레드3000,3000
95,리콜라)레몬민트1500,1500
96,리콜라)크랜베리1500,1500
97,CJ)맛밤80G,3500
98,CJ)스팸340G,7500
99,CJ)스팸200G,5500
100,CJ)스팸25%라이트200G,5500
101,CJ)스팸120G,3500
102,팔도)틈새라면볶음면(봉지),1050
103,팔도)틈새라면볶음면(용기),1500
104,유어스)김치볶음80G,1000
105,아워홈)소고기무국(컵국),900
106,아워홈)소고기미역국(컵국),800
107,아워홈)양지차돌곰탕(컵국),900
108,유어스)소고기미역국500G,3900
109,유어스)시원한황태해장국500G,3900
110,유어스)얼큰한육개장500G,3900
111,CJ)비비고돼지고기김치찌개460G,6500
112,CJ)비비고스팸부대찌개460G,6500
113,CJ)비비고차돌된장찌개460G,6500
114,CJ)비비고소고기무국500G,4500
115,CJ)비비고소고기미역국500G,4500
116,CJ)비비고육개장500G,4500
117,CJ)비비고콩나물황태국500G,4500
118,CJ)누룽지닭백숙죽280G,3900
119,CJ)비비고단호박죽280G,3900
120,CJ)비비고버섯야채죽280G,3900
121,CJ)비비고소고기죽280G,3900
122,CJ)비비고통단팥죽280G,3900
123,CJ)비비고흑임자죽280G,3900
124,CJ)햇반미역국밥(컵밥),3900
125,CJ)햇반사골곰탕국밥(컵밥),3900
126,CJ)햇반육개장국밥(컵밥),3900
127,CJ)햇반황태국밥(컵밥),3900
128,CJ)햇반(발아현미밥)210G,2600
129,CJ)햇반(오곡밥)210G,2600
130,CJ)햇반(찰잡곡밥)210G,2600
131,CJ)햇반(흑미밥)210G,2600
132,CJ)햇반매일잡곡밥210G,2600
133,CJ)햇반(원형)210G,1950
134,반찬단지)간장알마늘120G,2500
135,반찬단지)깻잎무침120G,2500
136,반찬단지)무말랭이무침120G,2500
137,매그넘)루비100ML,3600
138,매그넘)민트바100ML,3600
139,매그넘)아몬드바100ML,3600
140,매그넘)클래식바110ML,3600
141,나뚜루)녹차파인트,11600
142,나뚜루)딸기파인트,11600
143,나뚜루)바닐라파인트,11600
144,나뚜루)스트로베리치즈파인트,11600
145,나뚜루)초코파인트,11600
146,나뚜루)캐슈바닐라(비건)474ML,11600
147,나뚜루)프렌치아포가또파인트,11600
148,서울우유)초콜릿우유아이스크림,9800
149,서울우유)흰우유아이스크림,9800
150,유어스)쌍쌍맛살110G,2200
151,한성)각잡다80G,2000
152,한성)몬스터크랩72G,1800
153,한성)크래미90G,2200
154,돌)올라이트바건과일40G,1200
155,돌)올라이트바크랜베리40G,1200
156,돌)올라이트바포레스트40G,1200
157,크리스탈라이트)피치망고그린2입,1800
158,크리스탈라이트)핑크레몬2입,1800
159,카카오프렌즈)망고스무디190ML,2000
160,카카오프렌즈)복숭아스무디190ML,2000
161,카카오프렌즈)애플스무디190ML,2000
162,광동)우엉차500ML,1600
163,광동)힘찬하루헛개차500ML,1600
164,광동)옥수수수염차500ML,1500
165,광동)솔표위청수골드75ML,1000
166,광동)비타500캔240ML,1200
167,광동)대추쌍화150ML,1500
168,현대)미에로화이바210ML,1400
169,동서)콜롬비아나블랙240ML,1200
170,동서)콜롬비아나아메리카노240ML,1200
171,동서)콜롬비아나카페라떼240ML,1200
172,맥심)TOP더블랙275ML,2200
173,맥심)TOP마스터라떼275ML,2200
174,맥심)TOP스위트아메리카노275ML,2200
175,한독)레디큐프로120ML,6000
176,한독)레디큐120ML,5000
177,일화)천연사이다350ML,1200
178,일화)맥콜500ML,1800
179,일화)맥콜350ML,1500
180,일화)맥콜250ML,1300
181,천지개벽)한라봉스파클링355ML,1200
182,HK)헛개수1L,2500
183,HK)새싹차보리500ML,2000
184,HK)헛개수500ML,2000
185,HK)헛개수340ML,1500
186,HK)컨디션100ML,5000
187,HK)컨디션레이디100ML,5000
188,정식품)고칼슘베지밀A팩190ML,1000
189,정식품)고칼슘베지밀B팩190ML,1000
190,정식품)베지밀검은콩팩190ML,1000
191,정식품)베지밀B검은콩병190ML,1400
192,정식품)아몬드호두두유병190ML,1400
193,정식품)검은콩고칼슘두유병190ML,1500
194,영진)구론산바몬드오리지날150ML,1000
195,영진)구론산스파클링150ML,1000
196,해태)평창수프리미엄500ML,950
197,코카)썬키스트레몬에이드350ML,1500
198,코카)흑당밀크티270ML,2200
199,코카)토레타240ML,1200
200,파워에이드)마운틴블러스트600ML,2000
201,파워에이드)마운틴블러스트240ML,1000
202,코카)태양의식후비법W차500ML,1800
203,조지아)고티카빈티지라떼270ML,2200
204,조지아)고티카빈티지블랙270ML,2200
205,조지아)고티카스위트아메270ML,2200
206,미닛메이드)오렌지350ML,1950
207,미닛메이드)포도350ML,1950
208,코카)환타파인PET600ML,1900
209,코카)스프라이트PET500ML,1800
210,롯데)숙취해소깨수깡160ML,5000
211,롯데)핫식스250ML,1500
212,롯데)핫식스팬시캔디250ML,1500
213,롯데)2%부족할때(복숭아)500ML,1800
214,롯데)2%부족할때자두500ML,1800
215,롯데)2%아쿠아500ML,1800
216,롯데)트레비라임500ML,1800
217,롯데)트레비레몬500ML,1800
218,롯데)트레비자몽500ML,1800
219,롯데)아이시스8.0(500ML),950
220,롯데)아이시스에코2L-PLU판매,1600
221,롯데)아이시스에코500ML-PLU판매,900
222,칸타타)콘트라베이스라떼PET500,2500
223,칸타타)콘트라베이스블랙PET500,2500
224,칸타타)콘트라베이스스윗PET500,2500
225,칸타타)땅콩크림라떼275ML,2200
226,칸타타)아메리카노275ML(NB캔),2200
227,칸타타)콜드브루블랙275ML(NB캔),2200
228,칸타타)프리미엄라떼275ML(NB캔),2200
229,롯데)레쓰비연유커피240ML,1200
230,레쓰비)카페타임라떼240ML,1100
231,레쓰비)카페타임아메리카노240ML,1100
232,롯데)핑크퐁오렌지망고235ML,1200
233,롯데)핑크퐁포도사과235ML,1200
234,롯데)펩시제로500ML,1800
235,롯데)칠성사이다복숭아500ML,2100
236,롯데)칠성사이다청귤500ML,2100
237,롯데)칠성스트롱사이다400ML,1700
238,롯데)펩시스트롱400ML,1700
239,롯데)칠성사이다캔330ML,1700
240,하이트)블랙보리340ML,1200
241,하이트)블랙보리520ML,1600
242,하이트)블랙보리라이트520ML,1500
243,말리)홈스타일망고주스250ML,1500
244,말리)홈스타일오렌지주스250ML,1500
245,팜트리)궁중홍삼쌍화100ML,1500
246,팜트리)궁중발효홍삼100ML,2200
247,GS)샤인머스캣향스파클링350ML,1200
248,남양)십칠차500ML,1500
249,남양)초코에몽캔200ML,1000
250,정관장)홍삼원골드100ML(파우치),1500
251,모구모구큐브)리치320ML,1500
252,모구모구큐브)청포도320ML,1500
253,GS)목에좋은도담차500ML,1600
254,팔도)비락식혜캔340ML,1300
255,바이오티)프리바이오틱스피치,1500
256,매일)셀렉스프로틴드링크330ML,2900
257,매일)99.89두유190ML,1000
258,매일)두유식이섬유190ML,1000
259,자연)톡터질수박에500ML,1700
260,OKF)비타민C레몬스파클링500ML,1800
261,OKF)골드유자500ML,2000
262,OKF)레몬진저500ML,2000
263,유어스)진심가득수박330ML,1800
264,유어스)하늘가득사과330ML,1800
265,유어스)하늘가득유자레몬330ML,1800
266,유어스)하늘가득자몽330ML,1800
267,동아)컨피던스병230ML,1500
268,해태)구운감자900,900
269,해태)구운고구마900,900
270,해태)맛동산2000,2000
271,해태)맛동산블랙90G,2000
272,해태)구운양파1500,1500
273,해태)무지방우유홈런볼1500,1500
274,해태)빠닭1500,1500
275,해태)허니버터칩프로마쥬블랑60G,1500
276,동화약품)부채표미인활액75ML,1000
277,활황)레모나스파클링400ML,1700
278,활황)우유스파클링350ML,1500
279,활황)요구르트스파클링350ML,1500
280,동원)양반배식혜500ML,1800
281,유어스(P)지리산하동녹차500ML,2000
282,진로)토닉워터300ML,1400
283,쟈뎅)시그니처(헤이즐넛)1.1L,3900
284,쟈뎅)시그니처아메(블랙)1.1L,3900
285,쟈뎅)시그니처아메(스위트)1.1L,3900
286,아워티)레몬얼그레이티500(신),2000
287,아워티)오렌지자몽블랙티500(신),2000
288,S&P)카카오랏미니브릭200ML,1200
289,웅진)꿀먹은초록매실180ML,1300
290,웅진)아침햇살340ML,1500
291,웅진)자연은토마토340ML,1500
292,웅진)초록매실340ML,1500
293,유어스)샤인머스캣500ML,1900
294,웅진)광명찾은결명자차500ML,1500
295,웅진)누룽지차500ML,1500
296,웅진)하늘보리PET500ML,1500
297,가야)알로에농장500ML,1900
298,에비앙생수500ML,1900
299,트로피카나)스파클링망고355ML,1200
300,트로피카나)스파클링복숭아355ML,1200
301,트로피카나)스파클링오렌지355ML,1200
302,유어스)보솜이물티슈60매(캡형),5700
303,유어스)보솜이물티슈20매,2000
304,빙그레)오늘의과일야채ABC190ML,1200
305,빙그레)오늘의과일야채사과190ML,1200
306,빙그레)오늘의과일야채포도190ML,1200
307,유어스(P)할리스리스트레또300ML,2500
308,유어스(P)할리스콜드브루300ML,2500
309,빙그레)통모짜스트링치즈18G,1200
310,빙그레)쥬시쿨금귤감귤250ML,1500
311,빙그레)쥬시쿨에이드사과250ML,1500
312,빙그레)따옴사과주스235ML,2000
313,빙그레)따옴오렌지주스235ML,2000
314,빙그레)따옴한라봉청귤235ML,2000
315,빙그레)요플레토핑다크초코,1500
316,빙그레)요플레토핑프레첼&초코,1500
317,빙그레)스페셜티에티오피아460ML,2500
318,빙그레)아카페라사이즈업스윗아,2200
319,빙그레)아카페라사이즈업라떼,2200
320,빙그레)아카페라사이즈업바닐라,2200
321,빙그레)아카페라사이즈업아메리,2200
322,빙그레)아카페라마끼아또240ML,1600
323,빙그레)아카페라바닐라라떼240ML,1600
324,빙그레)아카페라아메리카노240ML,1600
325,빙그레)닥터캡슐사과130ML,1800
326,빙그레)닥터캡슐프로텍트130ML,1800
327,해태)고향만두김치450G,4800
328,삼립)페스츄리고구마피자,2500
329,삼립)페스츄리불고기피자,2500
330,삼립)페스츄리콤비네이션피자,2500
331,삼립)페스츄리핫치킨피자,2500
332,대림)한입피자고르곤졸라80G,1900
333,대림)한입피자콤비네이션80G,1900
334,명란크림파스타253G,3500
335,알리오올리오192.5G,3500
336,농심)감튀레드칠리맛60G,1500
337,퍼페티)츄파춥스250,250
338,오뚜기)쌀떡국172G,3500
339,유어스)동파육200G,5900
340,유어스)장충동불족발180G,5900
341,오뚜기)사골곰탕500G,1900
342,오뚜기)쇠고기미역국밥(컵밥),3900
343,오뚜기)구수한누룽지60G,2200
344,오뚜기)김치참치덮밥(컵밥),4500
345,오뚜기)된장짜글이밥310G(컵밥),4500
346,오뚜기)매콤낙지덮밥(컵밥),4500
347,오뚜기)소시지카레덮밥(컵밥),4500
348,오뚜기)수원식갈비탕밥311G(컵밥,4500
349,오뚜기)제육덮밥(컵밥),4500
350,오뚜기)차돌강된장보리밥(컵밥),4500
351,오뚜기)참치마요덮밥(컵밥),4500
352,오뚜기)톡톡김치알밥(컵밥),4500
353,유어스(P)황제컵밥(컵밥),4500
354,유어스)템플산채비빔밥259G,4500
355,유어스)보양죽285G[D2],2900
356,동원)양반김(들기름김)5G,600
357,동원)양반전통김17G,1500
358,동원)양반백합미역국460G,4500
359,동원)양반쇠고기큰죽404G,4500
360,동원)양반야채큰죽404G,4500
361,동원)양반전복큰죽404G,4500
362,동원)양반차돌육개장460G,4500
363,동원)양반명품김자반50G,3900
364,동원)양반밤단팥죽285G,3900
365,동원)양반쇠고기죽285G,3900
366,동원)양반야채죽285G,3900
367,동원)양반영양닭죽285G,3900
368,동원)양반참치죽285G,3900
369,롯데)허쉬리치케익3600,3600
370,롯데)도리토스비츠62G,1000
371,롯데)치토스(매콤달콤)1500,1500
372,롯데)치토스스모키바베큐1500,1500
373,롯데)치토스초코츄러스73G,1500
374,롯데)치토스후라이드양념치킨맛,1500
375,롯데)에어베이크드어니언70G,2000
376,롯데)에어베이크드케틀콘칩70G,2000
377,롯데)에어베이크드포테이토70G,2000
378,롯데)꼬깔콘(매콤달콤)1500,1500
379,롯데)꼬깔콘고소한맛1500,1500
380,롯데)꼬깔콘군옥수수1500,1500
381,롯데)꼬깔콘스테이크화이타맛72G,1500
382,롯데)꼬깔콘치먹스파이시맛72G,1500
383,롯데)천하장사초단백질바1200,1200
384,롯데)천하장사초에너지바1200,1200
385,롯데)몽쉘(딸기맛)3000,3000
386,롯데)몽쉘카카오3000,3000
387,롯데)몽쉘크림3000,3000
388,롯데)샌드오리지널1500,1500
389,롯데)제크오리지널1500,1500
390,롯데)칙촉(티라미수)2400,2400
391,롯데)칙촉2400,2400
392,롯데)가나랑드샤쿠키91G,3000
393,롯데)아몬드빼빼로1500,1500
394,롯데)초코빼빼로1500,1500
395,롯데)크런키빼빼로1500,1500
396,해표)김이봉10G,1000
397,삼양)불닭마요소스250G,5000
398,폰타나)스위트콘컵수프20G,1900
399,폰타나)어니언크림컵수프20G,1900
400,안주야)간장도가니스지150G,6400
401,안주야)매콤껍데기150G,6400
402,안주야)매콤제육오돌뼈150G,6400
403,안주야)통마늘모듬곱창150G,6400
404,오리온)오!그래놀라바카카오1200,1200
405,오리온)오!그래놀라바검은콩1200,1200
406,오리온)오!그래놀라바단호박1200,1200
407,오리온)오!그래놀라바무화과1200,1200
408,진마이랑)사천식탄탄면(용기),2000
409,사천왕)마라탕면(용기),2500
410,사천왕)마라훠궈탕면(용기),2500
411,씨알)오곡초코볼420G,5900
412,씨알)크루통시리얼400G,5900
413,오뚜기)진짬뽕(봉지),1500
414,오뚜기)크림진짬뽕(봉지),1500
415,오뚜기)개포동쌀국수(용기),2000
416,오뚜기)오동통면(용기),1400
417,오뚜기)진진짜라(용기),1600
418,오뚜기)진짬뽕(용기),1600
419,오뚜기)크림진짬뽕(용기),1600
420,정화)오쥐GO!40G,4800
421,정화)후라이드어포30G,2000
422,정화)롱피쉬스낵60G,3500
423,정화)정품오징어30G,5300
424,오맛포매운맛1600,1600
425,오맛포오리지널1600,1600
426,유동)번데기가미130G,2200
427,신화)대왕오징어다리50G,5900
428,허닭)닭가슴살육포(매운맛)40G,4700
429,허닭)닭가슴살육포(바베큐)40G,4700
430,코주부)무안양파육포40G,3400
431,코주부)블랙트러플오일육포40G,4500
432,동원)상상버터오징어60G,5000
433,동원)상상육포40G(비프앤치즈),5000
434,동원)상상육포40G(스테이크),5000
435,동원)상상육포40G(안심),5000
436,대상)레드페퍼매콤고추30G,3500
437,대상)치즈촘촘툼바치즈30G,3500
438,진주)천하장사육포갈릭45G,4800
439,샘표)질러크레이지핫육포30G,4200
440,샘표)질러부드러운우육포30G,4000
441,샘표)질러빠다콘쓰30G,4200
442,맥널티)아이브루다크블랜드30T,4800
443,맥널티)아이브루모카블랙30T,4800
444,맥널티)아이브루헤이즐넛향30T,4800
445,랩노쉬)리얼그레인50G,2500
446,랩노쉬)쿠키쇼콜라50G,2500
447,티젠)콤부차10입[D2],7500
448,티젠)에너지티10입,7500
449,티젠)자몽쏙10입,7500
450,동원)양반돼지고기장조림270G,3900
451,동원)양반메추리알장조림270G,3900
452,동원)리챔340G,6800
453,동원)라이트스탠다드아트캔135G,3300
454,동원)리챔120G,3500
455,동원)참치크래커(고소한맛),3600
456,동원)참치크래커(매콤한맛),3600
457,롯데)퀘이커오트밀(그레인),2000
458,롯데)퀘이커오트밀(서리태),2000
459,롯데)퀘이커오트밀(찰옥수수),2000
460,네스카페)크레마5T,1700
461,네슬레)핫쵸코오리지날원컵,1100
462,네스카페)수프리모골드20입,4900
463,네스카페)신선한모카원컵,1000
464,수프리모)스위트아메리카노원컵,1000
465,이디야)비니스트미니오리지널,2700
466,이디야)비니스트스페셜10입,2700
467,이디야)스페셜모카블렌드20입,4800
468,담터)아몬드호두율무차원컵,1500
469,삼양)짱구1300,1300
470,로아카)라즈베리요거트1500,1500
471,로아카)밀크웨하스1500,1500
472,로아카)바닐라웨하스1500,1500
473,로아카)카카오웨하스1500,1500
474,오리온)후레쉬베리3300,3300
475,오리온)참붕어빵4200,4200
476,오리온)찰초코파이앙크림336G,5000
477,오리온)마켓오빵둥이96G,1200
478,미성)허쉬다크&화이트칩1500,1500
479,허쉬)초콜릿칩베리쿠키1500,1500
480,허쉬)초콜릿칩쿠키1500,1500
481,스위트)맥비티투고다이제스티브,900
482,스위트)맥비티베이크미니체다50G,1500
483,크라운)그레이스85G,1300
484,크라운)버터와플3000,3000
485,크라운)쿠크다스3000,3000
486,크라운)쿠크다스비엔나커피3000,3000
487,크라운)빅카초58G,1200
488,크라운)카라멜&땅콩1200,1200
489,크라운)콘칩골드56G,1200
490,크라운)못말리는신짱1500,1500
491,크라운)신짱씨앗호떡120G,1500
492,크라운)츄러스허니시나몬맛1500,1500
493,크라운)카라멜콘메이플1500,1500
494,청우)광삭감자스낵72G,1200
495,청우)광삭카라멜꽈배기72G,1200
496,서울)뻥이요,1200
497,서울)추억의허니뻥이요1200,1200
498,삼경)색종이과자(레드)1500,1500
499,삼경)색종이과자(블루)1500,1500
500,삼경)블랙트러플감자칩25G,1400
501,흥선)야채크래커1200,1200
502,보노미)페스튜리2000,2000
503,오레오)웨하스스틱초코2500,2500
504,오레오초코크림1500,1500
505,오레오화이트크림1500,1500
506,스위트)맥비티니블더블초코37G,1500
507,스위트)맥비티니블밀크초코37G,1500
508,구어메이)레드벨벳케이크스낵60G,1500
509,오리온)다이제볼1200,1200
510,오리온)자일리톨통껌4000,4000
511,오리온)와우소다껌500,500
512,오리온)와우톡톡콜라껌500,500
513,오리온)와우포도껌500,500
514,해태)자유시간(BIG)1500,1500
515,해태)티피(오리지널)1200,1200
516,해태)티피(크리스피)1200,1200
517,해태)자유시간골드1000,1000
518,해태)자유시간아몬드1000,1000
519,해태)연양갱900,900
520,미성)복숭아젤리1000,1000
521,미성)사과젤리1000,1000
522,미성)거봉젤리5000,5000
523,미성)청포도젤리5000,5000
524,트롤리)타란튤라구미2000,2000
525,삼경)쥬라기공룡젤리1300,1300
526,크라운)마이쮸(딸기)800,800
527,크라운)마이쮸(복숭아)800,800
528,크라운)마이쮸(사과)800,800
529,크라운)마이쮸(포도)800,800
530,크라운)미니쉘딸기1000,1000
531,크라운)미니쉘아몬드1000,1000
532,크라운)키커바1000,1000
533,크라운)키커바시리얼1000,1000
534,크라운)마이쮸딸기1500,1500
535,크라운)마이쮸포도1500,1500
536,허쉬)밀크초콜릿1500,1500
537,허쉬)아몬드초콜릿1500,1500
538,허쉬)쿠키앤초코초콜릿1500,1500
539,허쉬)쿠키앤크림초콜릿1500,1500
540,롯데)크런키카스볼1500,1500
541,롯데)크런키카쿠볼1500,1500
542,롯데)가나밀크티3000,3000
543,롯데)가나티라미수3000,3000
544,롯데)크런키초콜릿1000,1000
545,롯데)ABC초코2000,2000
546,롯데)가나다크밀크2000,2000
547,롯데)가나마일드2000,2000
548,롯데)가나밀크2000,2000
549,롯데)가나초코바땅콩1000,1000
550,롯데)가나초코바아몬드1000,1000
551,롯데)구미당기는구미1000,1000
552,롯데)구미당기는구미3가지맛1000,1000
553,롯데)구미당기는구미딸기1000,1000
554,롯데)목캔디1000,1000
555,롯데)목캔디믹스베리1000,1000
556,롯데)목캔디생강원1000,1000
557,롯데)후라보노1000,1000
558,롯데)후라보노마일드1000,1000
559,롯데)후라보노아이스1000,1000
560,흥선)보석반지사탕500,500
561,호올스)블리스터라즈베리,1000
562,몬델리즈)호올스멘토립투스1000,1000
563,몬델리즈)호올스블루베리1000,1000
564,몬델리즈)호올스아이스블루1000,1000
565,몬델리즈)호올스자몽1000,1000
566,몬델리즈)호올스하니레몬1000,1000
567,흥선)밀카스트로베리바1500,1500
568,타블론밀크초콜릿35G,1500
569,흥선)캐드베리트월1500,1500
570,흥선)캐드베리크런치1500,1500
571,HAO)밀크츄딸기맛1500,1500
572,HAO)밀크츄옥수수맛1500,1500
573,WNP)사우어스트로베리향스틱젤리,1200
574,위스트)알리바이다크맥스1000,1000
575,위스트)프리바이오틱스(복숭아),1500
576,위스트)프리바이오틱스(청포도),1500
577,제이스)락캔디1500,1500
578,프리스키)파티믹스비치(60G),4500
579,프리스키)파티믹스클래식(60G),4500
580,대상)사천깐풍소스뿌렸닭200G,5900
581,대상)양념치킨소스뿌렸닭200G,5900
582,CJ)가쓰오우동(용기),2900
583,CJ)얼큰우동221G,2900
584,CJ)비비고김치왕교자385G,4800
585,CJ)비비고매운왕교자315G,4800
586,CJ)비비고새우왕교자315G,4800
587,CJ)비비고왕교자420G,4800
588,CJ)숯불향닭강정200G,4800
589,CJ)숯불향바베큐바280G,4800
590,CJ)비비고사골컵만둣국160G,3500
591,CJ)비비고수제만두고기200G,3500
592,CJ)비비고수제만두김치200G,3500
593,종가집)볶음김치80G,1400
594,종가집)맛김치200G,2700
595,종가집)맛김치50G,850
596,CJ)비비고김치볶음80G,1400
597,CJ)비비고썰은배추김치60G,1000
598,크리넥스)비말에어마스크1입,1100
599,푸르밀)칼로바이곡물250ML,2500
600,푸르밀)칼로바이초코250ML,2500
601,킬바사핫도그139G,2000
602,수향)순수향욕심담은만두180G,2800
603,롯데)빅핫도그140G,2400
604,오뚜기)새우볶음밥230G,3500
605,오뚜기)참치김치치즈볶음밥230G,3900
606,오뚜기)컵피자콤비네이션,3800
607,오뚜기)직화닭발150G,7900
608,오뚜기)직화오돌뼈150G,7900
609,오뚜기)불고기피자UNO180G,5500
610,오뚜기)콤비네이션피자UNO195G,5500
611,오뚜기)딤섬새우슈마이135G,3000
612,오뚜기)브리또페페로니125G,3000
613,뚜또)딸기요구르트젤리,2400
614,뚜또)밀감젤리,2400
615,뚜또)후르츠믹스,2400
616,풀무원)국물떡볶이170G,2700
617,유어스(P)매운맛볶음밥210G,3900
618,유어스(P)오리지널볶음밥210G,3900
619,한울)꼬마볶음김치100G,1200
620,CAFE25)블랙500ML,2500
621,CAFE25)헤이즐넛500ML,2500
622,남양)맛있는우유GT딸기300ML,1500
623,남양)맛있는우유GT초코300ML,1500
624,남양)맛있는우유GT커피300ML,1500
625,남양)또떠불초코&그래놀라125G,1400
626,남양)또떠불하트초코125G,1400
627,남양)루카스더블샷라떼250ML,2000
628,남양)루카스라떼250ML,2000
629,남양)루카스아메리카노250ML,2000
630,남양)이오20S 135ML,1000
631,남양)FC로스터리슈크림라떼320ML,2500
632,남양)프렌치몽블랑라떼320ML,2500
633,남양)프렌치흑임자라떼320ML,2500
634,남양)프렌치카페(벨벳비엔나모카,1500
635,남양)프렌치카페(카페오레),1500
636,남양)프렌치카페(카푸치노),1500
637,남양)프렌치카페카라멜마키아또,1500
638,서울)아침에주스골든사과230ML,1500
639,서울)아침에주스제주감귤230ML,1500
640,서울)강릉커피라떼250ML,2300
641,서울)강릉커피블랙250ML,2300
642,서울)너티초코우유300ML,1500
643,서울)딸기우유300ML,1500
644,서울)바나나우유300ML,1500
645,서울)살롱밀크티300ML,1500
646,서울)초코우유300ML,1500
647,델몬트)콜드쥬스오렌지250ML,1400
648,델몬트)콜드쥬스포도250ML,1400
649,콜드비타민플러스오렌지240ML,1400
650,콜드비타민플러스포도240ML,1400
651,롯데)오가닉레드비트&배&토마토,1400
652,롯데)오가닉사과&당근125ML,1400
653,롯데)오가닉적포도&보라당근,1400
654,맥심)TOP로스티라떼360ML,2400
655,맥심)TOP로스티블랙360ML,2400
656,맥심TOP)스위트아메리카노240ML,1800
657,맥심TOP)심플리스무스라떼240ML,1800
658,맥심TOP)심플리스무스블랙240ML,1800
659,맥심)TOP너티카라멜라떼300ML,2200
660,맥심)TOP마일드라떼300ML(컵),2200
661,맥심)TOP볼드라떼300ML(컵),2200
662,맥심)TOP에스프레소라떼300ML,2200
663,맥심)TOP트루블랙300ML(컵),2200
664,매일)상하미니칼슘체다치즈48G,2000
665,매일)상하미니크림치즈48G,2000
666,매일)엔요280ML,1400
667,매일)바이오알로에요거트120G,1500
668,매일)바이오드링킹딸기250ML,1800
669,매일)바이오드링킹매실푸룬250ML,1800
670,매일)바이오드링킹블루베리250ML,1800
671,매일)바이오드링킹사과250ML,1800
672,매일)바이오드링킹플레인250ML,1800
673,매일)과일야채샐러드그린190ML,1800
674,매일)과일야채샐러드녹황190ML,1800
675,매일)과일야채샐러드레드190ML,1800
676,매일)과일야채샐러드퍼플190ML,1800
677,유어스)달고나라떼250ML,2000
678,매일)바리스타디카페인라떼325ML,2500
679,매일)바리스타바닐라빈라떼325ML,2500
680,매일)바리스타쇼콜라모카325ML,2500
681,매일)바리스타콜드브루블랙325ML,2500
682,매일)바리스타플라넬드립라떼325,2500
683,다논)요거톡스타볼133G,1400
684,다논)요거톡초코그래놀라130G,1400
685,다논)액티비아업딸기210ML,1900
686,다논)액티비아업복숭아210ML,1900
687,다논)액티비아업플레인210ML,1900
688,유어스)야쿠르트그랜드280ML,1300
689,유어스)야쿠르트그랜드딸기280ML,1300
690,유어스)야쿠르트그랜드라이트,1300
691,야쿠르트)핫브루바닐라라떼270,2500
692,야쿠르트)콜드브루아메리카노270,2000
693,덴마크)슈레드피자치즈25G,1000
694,덴마크)인포켓치즈20G,1300
695,덴마크)인포켓치즈라이트20G,1300
696,덴마크)인포켓치즈트러플맛20G,1300
697,덴마크)얼라이브망고250ML,1500
698,덴마크)얼라이브머스캣청포도250,1500
699,덴마크)얼라이브블러드오렌지250,1500
700,덴마크)얼라이브스위티자몽250ML,1500
701,덴마크)요거밀왕초코링134G,1500
702,덴마크)요거밀카카오그래놀라132,1500
703,유어스)쩐주단치즈폼흑당밀크티,2500
704,유어스)쩐주단흑당밀크티300ML,2500
705,유어스)타이거슈가흑당밀크티300,2500
706,유어스)타이거슈가흑당카페라떼,2500
707,덴마크)콩카페연유라떼250ML,2000
708,덴마크)콩카페코코넛라떼250ML,2000
709,덴마크)콩카페코코넛카카오250ML,2000
710,덴마크)커핑로드모카라떼300ML,2500
711,덴마크)커핑로드버터크림라떼300,2500
712,덴마크)커핑로드에스프레소라떼,2500
713,덴마크)커핑로드카페봉봉300ML,2500
714,덴마크)커핑로드흑당크림라떼300,2500
715,덴마크)블랙아메리카노350ML,2200
716,덴마크)스윗아메리카노350ML,2200
717,덴마크)딸기딸기우유300ML,1500
718,덴마크)모닝시리얼우유310ML,1500
719,덴마크)민트초코우유310ML,1500
720,덴마크)시나몬초코우유300ML,1500
721,덴마크)초코초코우유300ML,1500
722,덴마크)카페라떼(민트),1500
723,덴마크)커피커피우유300ML,1500
724,유어스)동물농장황태슬라이스,3300
725,동원)뉴트리플랜흰살참치와멸치,1500
726,동원)뉴트리플랜흰살참치와치즈,1500
727,동원)애묘캔-흰살참치와닭가슴살,1500
728,동원)애묘파우치(참치와연어)80G,1500
729,유어스)동물농장애묘습식(멸치),1500
730,유어스)동물농장애묘습식(참치),1500
731,MAC)바이오스포츠양말(흰색),4000
732,동물농장)닭가슴살소프트45G,3700
733,ZK)여성풋커버검정,3900
734,ZK)여성풋커버살구,3900
735,소세지어묵바90G,2000
736,치즈어묵바90G,2000
737,효성)땡초어묵바80G,2000
738,동원)극한직화후랑크70G,2200
739,동원)극한직화후랑크치즈70G,2200
740,진주)천하장사BIG70G,2000
741,대광)소떡소떡135G,2000
742,롯데)비엔나135G,4000
743,롯데)직화구이나눠바120G,3000
744,의성마늘프랑크140G(70G*2),3400
745,롯데)의성마늘빅프랑크90G,2100
746,롯데)키스틱55G,1600
747,CJ)맥스봉치즈70G,2000
748,CJ)맥스봉불닭구이맛핫바90G,2000
749,CJ)맥스봉청양고추후랑크80G,2000
750,라엘)유기농순면롱라이너18P,5000
751,라엘)유기농순면커버중형14P,8500
752,라엘)유기농순면커버대형12P,8500
753,강릉초당)순두부아이스크림,2500
754,강릉초당)초코순두부아이스크림,2500
755,곰표)밀눈아이스크림콘150ML,2500
756,라베스트)갤러초코콘160ML,2500
757,라베스트)그릭요거콘160ML,2500
758,라베스트)리치치즈케이크콘,2500
759,라베스트)민트초코콘,2500
760,라벨리)악마파르페,2500
761,디핀)히말라얀솔트콘150ML,2000
762,라베스트)그릭요거트바85ML,2000
763,라벨리)떠먹는요거트볼175ML,2000
764,빙)끌레도르쿠키앤크림바90ML,2000
765,빙그레)끌레도르쿠키앤초코90ML,2000
766,웅진)아침햇살흑임자콘150ML,2000
767,유어스(P)다크초코라즈베리바,2000
768,허쉬)밀크초코바,2000
769,허쉬)초코바,2000
770,허쉬)쿠키앤크림바,2000
771,허쉬)토피넛초코바,2000
772,디핀)히말라얀솔트바90ML,1800
773,라벨리)티파니에서민트초코컵140,1800
774,롯데)가나초코렛바90ML,1800
775,유어스)크런키바딸기90ML,1800
776,디핀)애플베리바80ML,1500
777,웅진)아침햇살아이스바80ML,1500
778,웅진)초록매실아이스바75ML,1500
779,유어스(P)그랜드야쿠르트바80ML,1500
780,유어스(P)요구르트딸기바80ML,1500
781,템포레귤라10입,6200
782,템포슈퍼10입,6200
783,LG)급속싱글USB충전세트(C타입),16500
784,아이보스)18WCTO8핀라이트닝케이,16000
785,리큐)진한겔액체세제1L(겸용),8900
786,애경)NEW스파크1KG,4200
787,애경)울샴푸1L용기,6900
788,쏘피)내몸에순한면라이너28P,4400
789,쏘피)볼록맞춤중형4P,1550
790,가그린)오리지널380ML,4900
791,가그린)라임100ML,1900
792,가그린)오리지널100ML,1900
793,갸스비)매트&하드스프레이200ML,8500
794,갸스비)셋앤킵스프레이263ML,8500
795,존슨즈베이비오일125ML,6000
796,리스테린)쿨민트100ML,2100
797,리스테린)쿨민트마일드100ML,2100
798,리스테린)그린티250ML,5000
799,리스테린)헬시브라이트250ML,5000
800,크리오)더스타일칫솔1입,2600
801,존슨즈화이트후레쉬로션100ML,6000
802,리뉴)멀티플러스120ML,3000
803,리뉴)여행용패키지60ML,3000
804,마릴린먼로)콘돔3P(오리지날),4000
805,마릴린먼로)콘돔3P(리얼슬림핏),5500
806,레인보우샵)핸드소독젤500ML,8000
807,아트릭스)스트롱프로텍션75ML,4900
808,니베아)인텐시브바디로션125ML,5500
809,이것참)따끈하구마찰빵(1입),2500
810,반반한)초코브라우니(1입),2200
811,반반한)치즈브라우니(1입),2200
