"","goodsname","goodsprice"
"1","레인보우샵)핸드소독젤500ML","8,000원"
"2","아트릭스)스트롱프로텍션75ML","4,900원"
"3","니베아)인텐시브바디로션125ML","5,500원"
"4","이것참)따끈하구마찰빵(1입)","2,500원"
"5","반반한)초코브라우니(1입)","2,200원"
"6","반반한)치즈브라우니(1입)","2,200원"
"7","리스테린)그린티250ML","5,000원"
"8","리스테린)헬시브라이트250ML","5,000원"
"9","크리오)더스타일칫솔1입","2,600원"
"10","존슨즈화이트후레쉬로션100ML","6,000원"
"11","리뉴)멀티플러스120ML","3,000원"
"12","리뉴)여행용패키지60ML","3,000원"
"13","마릴린먼로)콘돔3P(오리지날)","4,000원"
"14","마릴린먼로)콘돔3P(리얼슬림핏)","5,500원"
"15","가그린)오리지널380ML","4,900원"
"16","가그린)라임100ML","1,900원"
"17","가그린)오리지널100ML","1,900원"
"18","갸스비)매트&하드스프레이200ML","8,500원"
"19","갸스비)셋앤킵스프레이263ML","8,500원"
"20","존슨즈베이비오일125ML","6,000원"
"21","리스테린)쿨민트100ML","2,100원"
"22","리스테린)쿨민트마일드100ML","2,100원"
"23","템포슈퍼10입","6,200원"
"24","LG)급속싱글USB충전세트(C타입)","16,500원"
"25","아이보스)18WCTO8핀라이트닝케이","16,000원"
"26","리큐)진한겔액체세제1L(겸용)","8,900원"
"27","애경)NEW스파크1KG","4,200원"
"28","애경)울샴푸1L용기","6,900원"
"29","쏘피)내몸에순한면라이너28P","4,400원"
"30","쏘피)볼록맞춤중형4P","1,550원"
"31","롯데)가나초코렛바90ML","1,800원"
"32","유어스)크런키바딸기90ML","1,800원"
"33","디핀)애플베리바80ML","1,500원"
"34","웅진)아침햇살아이스바80ML","1,500원"
"35","웅진)초록매실아이스바75ML","1,500원"
"36","유어스(P)그랜드야쿠르트바80ML","1,500원"
"37","유어스(P)요구르트딸기바80ML","1,500원"
"38","템포레귤라10입","6,200원"
"39","웅진)아침햇살흑임자콘150ML","2,000원"
"40","유어스(P)다크초코라즈베리바","2,000원"
"41","허쉬)밀크초코바","2,000원"
"42","허쉬)초코바","2,000원"
"43","허쉬)쿠키앤크림바","2,000원"
"44","허쉬)토피넛초코바","2,000원"
"45","디핀)히말라얀솔트바90ML","1,800원"
"46","라벨리)티파니에서민트초코컵140","1,800원"
"47","라베스트)리치치즈케이크콘","2,500원"
"48","라베스트)민트초코콘","2,500원"
"49","라벨리)악마파르페","2,500원"
"50","디핀)히말라얀솔트콘150ML","2,000원"
"51","라베스트)그릭요거트바85ML","2,000원"
"52","라벨리)떠먹는요거트볼175ML","2,000원"
"53","빙)끌레도르쿠키앤크림바90ML","2,000원"
"54","빙그레)끌레도르쿠키앤초코90ML","2,000원"
"55","라엘)유기농순면롱라이너18P","5,000원"
"56","라엘)유기농순면커버중형14P","8,500원"
"57","라엘)유기농순면커버대형12P","8,500원"
"58","강릉초당)순두부아이스크림","2,500원"
"59","강릉초당)초코순두부아이스크림","2,500원"
"60","곰표)밀눈아이스크림콘150ML","2,500원"
"61","라베스트)갤러초코콘160ML","2,500원"
"62","라베스트)그릭요거콘160ML","2,500원"
"63","롯데)비엔나135G","4,000원"
"64","롯데)직화구이나눠바120G","3,000원"
"65","의성마늘프랑크140G(70G*2)","3,400원"
"66","롯데)의성마늘빅프랑크90G","2,100원"
"67","롯데)키스틱55G","1,600원"
"68","CJ)맥스봉치즈70G","2,000원"
"69","CJ)맥스봉불닭구이맛핫바90G","2,000원"
"70","CJ)맥스봉청양고추후랑크80G","2,000원"
"71","ZK)여성풋커버살구","3,900원"
"72","소세지어묵바90G","2,000원"
"73","치즈어묵바90G","2,000원"
"74","효성)땡초어묵바80G","2,000원"
"75","동원)극한직화후랑크70G","2,200원"
"76","동원)극한직화후랑크치즈70G","2,200원"
"77","진주)천하장사BIG70G","2,000원"
"78","대광)소떡소떡135G","2,000원"
"79","동원)뉴트리플랜흰살참치와치즈","1,500원"
"80","동원)애묘캔-흰살참치와닭가슴살","1,500원"
"81","동원)애묘파우치(참치와연어)80G","1,500원"
"82","유어스)동물농장애묘습식(멸치)","1,500원"
"83","유어스)동물농장애묘습식(참치)","1,500원"
"84","MAC)바이오스포츠양말(흰색)","4,000원"
"85","동물농장닭가슴살소프트45G","3,700원"
"86","ZK)여성풋커버검정","3,900원"
"87","덴마크)민트초코우유310ML","1,500원"
"88","덴마크)블랙슈가밀크티300ML","1,500원"
"89","덴마크)시나몬초코우유300ML","1,500원"
"90","덴마크)초코초코우유300ML","1,500원"
"91","덴마크)카페라떼(민트)","1,500원"
"92","덴마크)커피커피우유300ML","1,500원"
"93","유어스)동물농장황태슬라이스","3,300원"
"94","동원)뉴트리플랜흰살참치와멸치","1,500원"
"95","덴마크)커핑로드버터크림라떼300","2,500원"
"96","덴마크)커핑로드에스프레소라떼","2,500원"
"97","덴마크)커핑로드카페봉봉300ML","2,500원"
"98","덴마크)커핑로드흑당크림라떼300","2,500원"
"99","덴마크)블랙아메리카노350ML","2,200원"
"100","덴마크)스윗아메리카노350ML","2,200원"
"101","덴마크)딸기딸기우유300ML","1,500원"
"102","덴마크)모닝시리얼우유310ML","1,500원"
"103","유어스)쩐주단치즈폼흑당밀크티","2,500원"
"104","유어스)쩐주단흑당밀크티300ML","2,500원"
"105","유어스)타이거슈가흑당밀크티300","2,500원"
"106","유어스)타이거슈가흑당카페라떼","2,500원"
"107","덴마크)콩카페연유라떼250ML","2,000원"
"108","덴마크)콩카페코코넛라떼250ML","2,000원"
"109","덴마크)콩카페코코넛카카오250ML","2,000원"
"110","덴마크)커핑로드모카라떼300ML","2,500원"
"111","덴마크)인포켓치즈라이트20G","1,300원"
"112","덴마크)인포켓치즈트러플맛20G","1,300원"
"113","덴마크)얼라이브망고250ML","1,500원"
"114","덴마크)얼라이브머스캣청포도250","1,500원"
"115","덴마크)얼라이브블러드오렌지250","1,500원"
"116","덴마크)얼라이브스위티자몽250ML","1,500원"
"117","덴마크)요거밀왕초코링134G","1,500원"
"118","덴마크)요거밀카카오그래놀라132","1,500원"
"119","다논)액티비아업플레인210ML","1,900원"
"120","유어스)야쿠르트그랜드280ML","1,300원"
"121","유어스)야쿠르트그랜드딸기280ML","1,300원"
"122","유어스)야쿠르트그랜드라이트","1,300원"
"123","야쿠르트)핫브루바닐라라떼270","2,500원"
"124","야쿠르트)콜드브루아메리카노270","2,000원"
"125","덴마크)슈레드피자치즈25G","1,000원"
"126","덴마크)인포켓치즈20G","1,300원"
"127","매일)바리스타바닐라빈라떼325ML","2,500원"
"128","매일)바리스타쇼콜라모카325ML","2,500원"
"129","매일)바리스타콜드브루블랙325ML","2,500원"
"130","매일)바리스타플라넬드립라떼325","2,500원"
"131","다논)요거톡스타볼133G","1,400원"
"132","다논)요거톡초코그래놀라130G","1,400원"
"133","다논)액티비아업딸기210ML","1,900원"
"134","다논)액티비아업복숭아210ML","1,900원"
"135","매일)바이오드링킹플레인250ML","1,800원"
"136","매일)과일야채샐러드그린190ML","1,800원"
"137","매일)과일야채샐러드녹황190ML","1,800원"
"138","매일)과일야채샐러드레드190ML","1,800원"
"139","매일)과일야채샐러드퍼플190ML","1,800원"
"140","유어스)달고나라떼250ML","2,000원"
"141","매일)바리스타디카페인라떼325ML","2,500원"
"142","매일)바리스타민트라임라떼325ML","2,500원"
"143","매일)상하미니칼슘체다치즈48G","2,000원"
"144","매일)상하미니크림치즈48G","2,000원"
"145","매일)엔요280ML","1,400원"
"146","매일)바이오알로에요거트120G","1,500원"
"147","매일)바이오드링킹딸기250ML","1,800원"
"148","매일)바이오드링킹매실푸룬250ML","1,800원"
"149","매일)바이오드링킹블루베리250ML","1,800원"
"150","매일)바이오드링킹사과250ML","1,800원"
"151","맥심TOP)스위트아메리카노240ML","1,800원"
"152","맥심TOP)심플리스무스라떼240ML","1,800원"
"153","맥심TOP)심플리스무스블랙240ML","1,800원"
"154","맥심)TOP너티카라멜라떼300ML","2,200원"
"155","맥심)TOP마일드라떼300ML(컵)","2,200원"
"156","맥심)TOP볼드라떼300ML(컵)","2,200원"
"157","맥심)TOP에스프레소라떼300ML","2,200원"
"158","맥심)TOP트루블랙300ML(컵)","2,200원"
"159","델몬트)콜드쥬스포도250ML","1,400원"
"160","콜드비타민플러스오렌지240ML","1,400원"
"161","콜드비타민플러스포도240ML","1,400원"
"162","롯데)오가닉레드비트&배&토마토","1,400원"
"163","롯데)오가닉사과&당근125ML","1,400원"
"164","롯데)오가닉적포도&보라당근","1,400원"
"165","맥심)TOP로스티라떼360ML","2,400원"
"166","맥심)TOP로스티블랙360ML","2,400원"
"167","서울)너티초코우유300ML","1,500원"
"168","서울)딸기우유300ML","1,500원"
"169","서울)바나나우유300ML","1,500원"
"170","서울)살롱밀크티300ML","1,500원"
"171","서울)초코우유300ML","1,500원"
"172","서울)귀리우유190ML","1,200원"
"173","서울)흑임자우유190ML","1,200원"
"174","델몬트)콜드쥬스오렌지250ML","1,400원"
"175","남양)프렌치카페(카페오레)","1,500원"
"176","남양)프렌치카페(카푸치노)","1,500원"
"177","남양)프렌치카페카라멜마키아또","1,500원"
"178","서울)아침에주스골든사과230ML","1,500원"
"179","서울)아침에주스제주감귤230ML","1,500원"
"180","서울)아침에주스청포도230ML","1,500원"
"181","서울)강릉커피라떼250ML","2,300원"
"182","서울)강릉커피블랙250ML","2,300원"
"183","남양)루카스더블샷라떼250ML","2,000원"
"184","남양)루카스라떼250ML","2,000원"
"185","남양)루카스아메리카노250ML","2,000원"
"186","남양)이오20S 135ML","1,000원"
"187","남양)FC로스터리슈크림라떼320ML","2,500원"
"188","남양)프렌치몽블랑라떼320ML","2,500원"
"189","남양)프렌치흑임자라떼320ML","2,500원"
"190","남양)프렌치카페(벨벳비엔나모카","1,500원"
"191","한울)꼬마볶음김치100G","1,200원"
"192","CAFE25)블랙500ML","2,500원"
"193","CAFE25)헤이즐넛500ML","2,500원"
"194","남양)맛있는우유GT딸기300ML","1,500원"
"195","남양)맛있는우유GT초코300ML","1,500원"
"196","남양)맛있는우유GT커피300ML","1,500원"
"197","남양)또떠불초코&그래놀라125G","1,400원"
"198","남양)또떠불하트초코125G","1,400원"
"199","오뚜기)콤비네이션피자UNO195G","5,500원"
"200","오뚜기)딤섬새우슈마이135G","3,000원"
"201","오뚜기)브리또페페로니125G","3,000원"
"202","뚜또)딸기요구르트젤리","2,400원"
"203","뚜또)후르츠믹스","2,400원"
"204","풀무원)국물떡볶이170G","2,700원"
"205","유어스(P)매운맛볶음밥210G","3,900원"
"206","유어스(P)오리지널볶음밥210G","3,900원"
"207","수향)순수향욕심담은만두180G","2,800원"
"208","롯데)빅핫도그140G","2,400원"
"209","오뚜기)새우볶음밥230G","3,500원"
"210","오뚜기)참치김치치즈볶음밥230G","3,900원"
"211","오뚜기)컵피자콤비네이션","3,800원"
"212","오뚜기)직화닭발150G","7,900원"
"213","오뚜기)직화오돌뼈150G","7,900원"
"214","오뚜기)불고기피자UNO180G","5,500원"
"215","종가집)맛김치200G","2,700원"
"216","종가집)맛김치50G","850원"
"217","CJ)비비고김치볶음80G","1,400원"
"218","CJ)비비고썰은배추김치60G","1,000원"
"219","크리넥스)비말에어마스크1입","1,100원"
"220","푸르밀)칼로바이곡물250ML","2,500원"
"221","푸르밀)칼로바이초코250ML","2,500원"
"222","킬바사핫도그139G","2,000원"
"223","CJ)비비고매운왕교자315G","4,800원"
"224","CJ)비비고새우왕교자315G","4,800원"
"225","CJ)비비고왕교자420G","4,800원"
"226","CJ)숯불향닭강정200G","4,800원"
"227","CJ)숯불향바베큐바280G","4,800원"
"228","CJ)비비고사골컵만둣국160G","3,500원"
"229","CJ)비비고수제만두고기200G","3,500원"
"230","CJ)비비고수제만두김치200G","3,500원"
"231","제이스)락캔디1500","1,500원"
"232","프리스키)파티믹스비치(60G)","4,500원"
"233","프리스키)파티믹스클래식(60G)","4,500원"
"234","대상)사천깐풍소스뿌렸닭200G","5,900원"
"235","대상)양념치킨소스뿌렸닭200G","5,900원"
"236","CJ)가쓰오우동(용기)","2,900원"
"237","CJ)얼큰우동221G","2,900원"
"238","CJ)비비고김치왕교자385G","4,800원"
"239","흥선)캐드베리트월1500","1,500원"
"240","흥선)캐드베리크런치1500","1,500원"
"241","HAO)밀크츄딸기맛1500","1,500원"
"242","HAO)밀크츄옥수수맛1500","1,500원"
"243","WNP)사우어스트로베리향스틱젤리","1,200원"
"244","위스트)알리바이다크맥스1000","1,000원"
"245","위스트)프리바이오틱스(복숭아)","1,500원"
"246","위스트)프리바이오틱스(청포도)","1,500원"
"247","호올스)블리스터라즈베리","1,000원"
"248","몬델리즈)호올스멘토립투스1000","1,000원"
"249","몬델리즈)호올스블루베리1000","1,000원"
"250","몬델리즈)호올스아이스블루1000","1,000원"
"251","몬델리즈)호올스자몽1000","1,000원"
"252","몬델리즈)호올스하니레몬1000","1,000원"
"253","흥선)밀카스트로베리바1500","1,500원"
"254","타블론밀크초콜릿35G","1,500원"
"255","롯데)구미당기는구미딸기1000","1,000원"
"256","롯데)목캔디1000","1,000원"
"257","롯데)목캔디믹스베리1000","1,000원"
"258","롯데)목캔디생강원1000","1,000원"
"259","롯데)후라보노1000","1,000원"
"260","롯데)후라보노마일드1000","1,000원"
"261","롯데)후라보노아이스1000","1,000원"
"262","흥선)보석반지사탕500","500원"
"263","롯데)ABC초코2000","2,000원"
"264","롯데)가나다크밀크2000","2,000원"
"265","롯데)가나마일드2000","2,000원"
"266","롯데)가나밀크2000","2,000원"
"267","롯데)가나초코바땅콩1000","1,000원"
"268","롯데)가나초코바아몬드1000","1,000원"
"269","롯데)구미당기는구미1000","1,000원"
"270","롯데)구미당기는구미3가지맛1000","1,000원"
"271","허쉬)아몬드초콜릿1500","1,500원"
"272","허쉬)쿠키앤초코초콜릿1500","1,500원"
"273","허쉬)쿠키앤크림초콜릿1500","1,500원"
"274","롯데)크런키카스볼1500","1,500원"
"275","롯데)크런키카쿠볼1500","1,500원"
"276","롯데)가나밀크티3000","3,000원"
"277","롯데)가나티라미수3000","3,000원"
"278","롯데)크런키초콜릿1000","1,000원"
"279","크라운)마이쮸(포도)800","800원"
"280","크라운)미니쉘딸기1000","1,000원"
"281","크라운)미니쉘아몬드1000","1,000원"
"282","크라운)키커바1000","1,000원"
"283","크라운)키커바시리얼1000","1,000원"
"284","크라운)마이쮸딸기1500","1,500원"
"285","크라운)마이쮸포도1500","1,500원"
"286","허쉬)밀크초콜릿1500","1,500원"
"287","미성)사과젤리1000","1,000원"
"288","미성)거봉젤리5000","5,000원"
"289","미성)청포도젤리5000","5,000원"
"290","트롤리)타란튤라구미2000","2,000원"
"291","삼경)쥬라기공룡젤리1300","1,300원"
"292","크라운)마이쮸(딸기)800","800원"
"293","크라운)마이쮸(복숭아)800","800원"
"294","크라운)마이쮸(사과)800","800원"
"295","해태)자유시간(BIG)1500","1,500원"
"296","해태)티피(오리지널)1200","1,200원"
"297","해태)티피(크리스피)1200","1,200원"
"298","해태)자유시간골드1000","1,000원"
"299","해태)자유시간아몬드1000","1,000원"
"300","해태)연양갱900","900원"
"301","미성)망고젤리1000","1,000원"
"302","미성)복숭아젤리1000","1,000원"
"303","스위트)맥비티니블밀크초코37G","1,500원"
"304","구어메이)레드벨벳케이크스낵60G","1,500원"
"305","오리온)다이제볼1200","1,200원"
"306","오리온)후라보노쿨민트800","800원"
"307","오리온)자일리톨통껌4000","4,000원"
"308","오리온)와우소다껌500","500원"
"309","오리온)와우톡톡콜라껌500","500원"
"310","오리온)와우포도껌500","500원"
"311","삼경)색종이과자(블루)1500","1,500원"
"312","삼경)블랙트러플감자칩25G","1,400원"
"313","흥선)야채크래커1200","1,200원"
"314","보노미)페스튜리2000","2,000원"
"315","오레오)웨하스스틱초코2500","2,500원"
"316","오레오초코크림1500","1,500원"
"317","오레오화이트크림1500","1,500원"
"318","스위트)맥비티니블더블초코37G","1,500원"
"319","크라운)신짱씨앗호떡120G","1,500원"
"320","크라운)츄러스허니시나몬맛1500","1,500원"
"321","크라운)카라멜콘메이플1500","1,500원"
"322","청우)광삭감자스낵72G","1,200원"
"323","청우)광삭카라멜꽈배기72G","1,200원"
"324","서울)뻥이요","1,200원"
"325","서울)추억의허니뻥이요1200","1,200원"
"326","삼경)색종이과자(레드)1500","1,500원"
"327","크라운)그레이스85G","1,300원"
"328","크라운)버터와플3000","3,000원"
"329","크라운)쿠크다스3000","3,000원"
"330","크라운)쿠크다스비엔나커피3000","3,000원"
"331","크라운)빅카초58G","1,200원"
"332","크라운)카라멜&땅콩1200","1,200원"
"333","크라운)콘칩골드56G","1,200원"
"334","크라운)못말리는신짱1500","1,500원"
"335","오리온)참붕어빵4200","4,200원"
"336","오리온)찰초코파이앙크림336G","5,000원"
"337","오리온)마켓오빵둥이96G","1,200원"
"338","미성)허쉬다크&화이트칩1500","1,500원"
"339","허쉬)초콜릿칩베리쿠키1500","1,500원"
"340","허쉬)초콜릿칩쿠키1500","1,500원"
"341","스위트)맥비티투고다이제스티브","900원"
"342","스위트)맥비티베이크미니체다50G","1,500원"
"343","이디야)스페셜모카블렌드20입","4,800원"
"344","담터)아몬드호두율무차원컵","1,500원"
"345","삼양)짱구1300","1,300원"
"346","로아카)라즈베리요거트1500","1,500원"
"347","로아카)밀크웨하스1500","1,500원"
"348","로아카)바닐라웨하스1500","1,500원"
"349","로아카)카카오웨하스1500","1,500원"
"350","오리온)후레쉬베리3300","3,300원"
"351","롯데)퀘이커오트밀(찰옥수수)","2,000원"
"352","네스카페)크레마5T","1,700원"
"353","네슬레)핫쵸코오리지날원컵","1,100원"
"354","네스카페)수프리모골드20입","4,900원"
"355","네스카페)신선한모카원컵","1,000원"
"356","수프리모)스위트아메리카노원컵","1,000원"
"357","이디야)비니스트미니오리지널","2,700원"
"358","이디야)비니스트스페셜10입","2,700원"
"359","동원)양반메추리알장조림270G","3,900원"
"360","동원)리챔340G","6,800원"
"361","동원)라이트스탠다드아트캔135G","3,300원"
"362","동원)리챔120G","3,500원"
"363","동원)참치크래커(고소한맛)","3,600원"
"364","동원)참치크래커(매콤한맛)","3,600원"
"365","롯데)퀘이커오트밀(그레인)","2,000원"
"366","롯데)퀘이커오트밀(서리태)","2,000원"
"367","맥널티)아이브루모카블랙30T","4,800원"
"368","맥널티)아이브루헤이즐넛향30T","4,800원"
"369","랩노쉬)리얼그레인50G","2,500원"
"370","랩노쉬)쿠키쇼콜라50G","2,500원"
"371","티젠)콤부차(10입)[D2]","7,500원"
"372","티젠)에너지티10입","7,500원"
"373","티젠)자몽쏙10입","7,500원"
"374","동원)양반돼지고기장조림270G","3,900원"
"375","동원)상상육포40G(안심)","5,000원"
"376","대상)레드페퍼매콤고추30G","3,500원"
"377","대상)치즈촘촘툼바치즈30G","3,500원"
"378","진주)천하장사육포갈릭45G","4,800원"
"379","샘표)질러크레이지핫육포30G","4,200원"
"380","샘표)질러부드러운우육포30G","4,000원"
"381","샘표)질러빠다콘쓰30G","4,200원"
"382","맥널티)아이브루다크블랜드30T","4,800원"
"383","신화)대왕오징어다리50G","5,900원"
"384","허닭)닭가슴살육포(매운맛)40G","4,700원"
"385","허닭)닭가슴살육포(바베큐)40G","4,700원"
"386","코주부)무안양파육포40G","3,400원"
"387","코주부)블랙트러플오일육포40G","4,500원"
"388","동원)상상버터오징어60G","5,000원"
"389","동원)상상육포40G(비프앤치즈)","5,000원"
"390","동원)상상육포40G(스테이크)","5,000원"
"391","오뚜기)크림진짬뽕(용기)","1,600원"
"392","정화)오쥐GO!40G","4,800원"
"393","정화)후라이드어포30G","2,000원"
"394","정화)롱피쉬스낵60G","3,500원"
"395","정화)정품오징어30G","5,300원"
"396","오맛포매운맛1600","1,600원"
"397","오맛포오리지널1600","1,600원"
"398","유동)번데기가미130G","2,200원"
"399","씨알)오곡초코볼420G","5,900원"
"400","씨알)크루통시리얼400G","5,900원"
"401","오뚜기)진짬뽕(봉지)","1,500원"
"402","오뚜기)크림진짬뽕(봉지)","1,500원"
"403","오뚜기)개포동쌀국수(용기)","2,000원"
"404","오뚜기)오동통면(용기)","1,400원"
"405","오뚜기)진진짜라(용기)","1,600원"
"406","오뚜기)진짬뽕(용기)","1,600원"
"407","안주야)통마늘모듬곱창150G","6,400원"
"408","오리온)오!그래놀라바카카오1200","1,200원"
"409","오리온)오!그래놀라바검은콩1200","1,200원"
"410","오리온)오!그래놀라바단호박1200","1,200원"
"411","오리온)오!그래놀라바무화과1200","1,200원"
"412","진마이랑)사천식탄탄면(용기)","2,000원"
"413","사천왕)마라탕면(용기)","2,500원"
"414","사천왕)마라훠궈탕면(용기)","2,500원"
"415","롯데)크런키빼빼로1500","1,500원"
"416","해표)김이봉10G","1,000원"
"417","삼양)불닭마요소스250G","5,000원"
"418","폰타나)스위트콘컵수프20G","1,900원"
"419","폰타나)어니언크림컵수프20G","1,900원"
"420","안주야)간장도가니스지150G","6,400원"
"421","안주야)매콤껍데기150G","6,400원"
"422","안주야)매콤제육오돌뼈150G","6,400원"
"423","롯데)몽쉘크림3000","3,000원"
"424","롯데)샌드오리지널1500","1,500원"
"425","롯데)제크오리지널1500","1,500원"
"426","롯데)칙촉(티라미수)2400","2,400원"
"427","롯데)칙촉2400","2,400원"
"428","롯데)가나랑드샤쿠키91G","3,000원"
"429","롯데)아몬드빼빼로1500","1,500원"
"430","롯데)초코빼빼로1500","1,500원"
"431","롯데)꼬깔콘고소한맛1500","1,500원"
"432","롯데)꼬깔콘군옥수수1500","1,500원"
"433","롯데)꼬깔콘스테이크화이타맛72G","1,500원"
"434","롯데)꼬깔콘치먹스파이시맛72G","1,500원"
"435","롯데)천하장사초단백질바1200","1,200원"
"436","롯데)천하장사초에너지바1200","1,200원"
"437","롯데)몽쉘(딸기맛)3000","3,000원"
"438","롯데)몽쉘카카오3000","3,000원"
"439","롯데)치토스(매콤달콤)1500","1,500원"
"440","롯데)치토스스모키바베큐1500","1,500원"
"441","롯데)치토스초코츄러스73G","1,500원"
"442","롯데)치토스후라이드양념치킨맛","1,500원"
"443","롯데)에어베이크드어니언70G","2,000원"
"444","롯데)에어베이크드케틀콘칩70G","2,000원"
"445","롯데)에어베이크드포테이토70G","2,000원"
"446","롯데)꼬깔콘(매콤달콤)1500","1,500원"
"447","동원)양반명품김자반50G","3,900원"
"448","동원)양반밤단팥죽285G","3,900원"
"449","동원)양반쇠고기죽285G","3,900원"
"450","동원)양반야채죽285G","3,900원"
"451","동원)양반영양닭죽285G","3,900원"
"452","동원)양반참치죽285G","3,900원"
"453","롯데)허쉬리치케익3600","3,600원"
"454","롯데)도리토스비츠62G","1,000원"
"455","유어스)보양죽285G[D2]","2,900원"
"456","동원)양반김(들기름김)5G","600원"
"457","동원)양반전통김17G","1,500원"
"458","동원)양반백합미역국460G","4,500원"
"459","동원)양반쇠고기큰죽404G","4,500원"
"460","동원)양반야채큰죽404G","4,500원"
"461","동원)양반전복큰죽404G","4,500원"
"462","동원)양반차돌육개장460G","4,500원"
"463","오뚜기)소시지카레덮밥(컵밥)","4,500원"
"464","오뚜기)수원식갈비탕밥311G(컵밥","4,500원"
"465","오뚜기)제육덮밥(컵밥)","4,500원"
"466","오뚜기)차돌강된장보리밥(컵밥)","4,500원"
"467","오뚜기)참치마요덮밥(컵밥)","4,500원"
"468","오뚜기)톡톡김치알밥(컵밥)","4,500원"
"469","유어스(P)황제컵밥(컵밥)","4,500원"
"470","유어스)템플산채비빔밥259G","4,500원"
"471","유어스)동파육200G","5,900원"
"472","유어스)장충동불족발180G","5,900원"
"473","오뚜기)사골곰탕500G","1,900원"
"474","오뚜기)쇠고기미역국밥(컵밥)","3,900원"
"475","오뚜기)구수한누룽지60G","2,200원"
"476","오뚜기)김치참치덮밥(컵밥)","4,500원"
"477","오뚜기)된장짜글이밥310G(컵밥)","4,500원"
"478","오뚜기)매콤낙지덮밥(컵밥)","4,500원"
"479","대림)한입피자고르곤졸라80G","1,900원"
"480","대림)한입피자불고기80G","1,900원"
"481","대림)한입피자콤비네이션80G","1,900원"
"482","명란크림파스타253G","3,500원"
"483","알리오올리오192.5G","3,500원"
"484","농심)감튀레드칠리맛60G","1,500원"
"485","퍼페티)츄파춥스250","250원"
"486","오뚜기)쌀떡국172G","3,500원"
"487","빙그레)아카페라아메리카노240ML","1,600원"
"488","빙그레)닥터캡슐사과130ML","1,800원"
"489","빙그레)닥터캡슐프로텍트130ML","1,800원"
"490","해태)고향만두김치450G","4,800원"
"491","삼립)페스츄리고구마피자","2,500원"
"492","삼립)페스츄리불고기피자","2,500원"
"493","삼립)페스츄리콤비네이션피자","2,500원"
"494","삼립)페스츄리핫치킨피자","2,500원"
"495","빙그레)요플레토핑프레첼&초코","1,500원"
"496","빙그레)스페셜티에티오피아460ML","2,500원"
"497","빙그레)아카페라사이즈업스윗아","2,200원"
"498","빙그레)아카페라사이즈업라떼","2,200원"
"499","빙그레)아카페라사이즈업바닐라","2,200원"
"500","빙그레)아카페라사이즈업아메리","2,200원"
"501","빙그레)아카페라마끼아또240ML","1,600원"
"502","빙그레)아카페라바닐라라떼240ML","1,600원"
"503","빙그레)통모짜스트링치즈18G","1,200원"
"504","빙그레)뿌려먹는모짜렐라치즈25G","1,000원"
"505","빙그레)쥬시쿨금귤감귤250ML","1,500원"
"506","빙그레)쥬시쿨에이드사과250ML","1,500원"
"507","빙그레)따옴사과주스235ML","2,000원"
"508","빙그레)따옴오렌지주스235ML","2,000원"
"509","빙그레)따옴한라봉청귤235ML","2,000원"
"510","빙그레)요플레토핑다크초코","1,500원"
"511","트로피카나)스파클링오렌지355ML","1,200원"
"512","유어스)보솜이물티슈60매(캡형)","5,700원"
"513","유어스)보솜이물티슈20매","2,000원"
"514","빙그레)오늘의과일야채ABC190ML","1,200원"
"515","빙그레)오늘의과일야채사과190ML","1,200원"
"516","빙그레)오늘의과일야채포도190ML","1,200원"
"517","유어스(P)할리스리스트레또300ML","2,500원"
"518","유어스(P)할리스콜드브루300ML","2,500원"
"519","유어스)샤인머스캣500ML","1,900원"
"520","웅진)광명찾은결명자차500ML","1,500원"
"521","웅진)누룽지차500ML","1,500원"
"522","웅진)하늘보리PET500ML","1,500원"
"523","가야)알로에농장500ML","1,900원"
"524","에비앙생수500ML","1,900원"
"525","트로피카나)스파클링망고355ML","1,200원"
"526","트로피카나)스파클링복숭아355ML","1,200원"
"527","쟈뎅)시그니처아메(스위트)1.1L","3,900원"
"528","아워티)레몬얼그레이티500(신)","2,000원"
"529","아워티)오렌지자몽블랙티500(신)","2,000원"
"530","S&P)카카오랏미니브릭200ML","1,200원"
"531","웅진)꿀먹은초록매실180ML","1,300원"
"532","웅진)아침햇살340ML","1,500원"
"533","웅진)자연은토마토340ML","1,500원"
"534","웅진)초록매실340ML","1,500원"
"535","활황)레모나스파클링400ML","1,700원"
"536","활황)우유스파클링350ML","1,500원"
"537","활황)요구르트스파클링350ML","1,500원"
"538","동원)양반배식혜500ML","1,800원"
"539","유어스(P)지리산하동녹차500ML","2,000원"
"540","진로)토닉워터300ML","1,400원"
"541","쟈뎅)시그니처(헤이즐넛)1.1L","3,900원"
"542","쟈뎅)시그니처아메(블랙)1.1L","3,900원"
"543","해태)구운고구마900","900원"
"544","해태)맛동산2000","2,000원"
"545","해태)맛동산블랙90G","2,000원"
"546","해태)구운양파1500","1,500원"
"547","해태)무지방우유홈런볼1500","1,500원"
"548","해태)빠닭1500","1,500원"
"549","해태)허니버터칩프로마쥬블랑60G","1,500원"
"550","동화약품)부채표미인활액75ML","1,000원"
"551","OKF)골드유자500ML","2,000원"
"552","OKF)레몬진저500ML","2,000원"
"553","유어스)진심가득수박330ML","1,800원"
"554","유어스)하늘가득사과330ML","1,800원"
"555","유어스)하늘가득유자레몬330ML","1,800원"
"556","유어스)하늘가득자몽330ML","1,800원"
"557","동아)컨피던스병230ML","1,500원"
"558","해태)구운감자900","900원"
"559","GS)목에좋은도담차500ML","1,600원"
"560","팔도)비락식혜캔340ML","1,300원"
"561","바이오티)프리바이오틱스피치","1,500원"
"562","매일)셀렉스프로틴드링크330ML","2,900원"
"563","매일)99.89두유190ML","1,000원"
"564","매일)두유식이섬유190ML","1,000원"
"565","자연)톡터질수박에500ML","1,700원"
"566","OKF)비타민C레몬스파클링500ML","1,800원"
"567","팜트리)궁중홍삼쌍화100ML","1,500원"
"568","팜트리)궁중발효홍삼100ML","2,200원"
"569","GS)샤인머스캣향스파클링350ML","1,200원"
"570","남양)십칠차500ML","1,500원"
"571","남양)초코에몽캔200ML","1,000원"
"572","정관장)홍삼원골드100ML(파우치)","1,500원"
"573","모구모구큐브)리치320ML","1,500원"
"574","모구모구큐브)청포도320ML","1,500원"
"575","롯데)칠성스트롱사이다400ML","1,700원"
"576","롯데)펩시스트롱400ML","1,700원"
"577","롯데)칠성사이다캔330ML","1,700원"
"578","하이트)블랙보리340ML","1,200원"
"579","하이트)블랙보리520ML","1,600원"
"580","하이트)블랙보리라이트520ML","1,500원"
"581","말리)홈스타일망고주스250ML","1,500원"
"582","말리)홈스타일오렌지주스250ML","1,500원"
"583","롯데)레쓰비연유커피240ML","1,200원"
"584","레쓰비)카페타임라떼240ML","1,100원"
"585","레쓰비)카페타임아메리카노240ML","1,100원"
"586","롯데)핑크퐁오렌지망고235ML","1,200원"
"587","롯데)핑크퐁포도사과235ML","1,200원"
"588","롯데)펩시제로500ML","1,800원"
"589","롯데)칠성사이다복숭아500ML","2,100원"
"590","롯데)칠성사이다청귤500ML","2,100원"
"591","롯데)아이시스에코500ML-PLU판매","900원"
"592","칸타타)콘트라베이스라떼PET500","2,500원"
"593","칸타타)콘트라베이스블랙PET500","2,500원"
"594","칸타타)콘트라베이스스윗PET500","2,500원"
"595","칸타타)땅콩크림라떼275ML","2,200원"
"596","칸타타)아메리카노275ML(NB캔)","2,200원"
"597","칸타타)콜드브루블랙275ML(NB캔)","2,200원"
"598","칸타타)프리미엄라떼275ML(NB캔)","2,200원"
"599","롯데)2%부족할때(복숭아)500ML","1,800원"
"600","롯데)2%부족할때자두500ML","1,800원"
"601","롯데)2%아쿠아500ML","1,800원"
"602","롯데)트레비라임500ML","1,800원"
"603","롯데)트레비레몬500ML","1,800원"
"604","롯데)트레비자몽500ML","1,800원"
"605","롯데)아이시스8.0(500ML)","950원"
"606","롯데)아이시스에코2L-PLU판매","1,600원"
"607","조지아)고티카스위트아메270ML","2,200원"
"608","미닛메이드)오렌지350ML","1,950원"
"609","미닛메이드)포도350ML","1,950원"
"610","코카)환타파인PET600ML","1,900원"
"611","코카)스프라이트PET500ML","1,800원"
"612","롯데)숙취해소깨수깡160ML","5,000원"
"613","롯데)핫식스250ML","1,500원"
"614","롯데)핫식스팬시캔디250ML","1,500원"
"615","코카)썬키스트레몬에이드350ML","1,500원"
"616","코카)흑당밀크티270ML","2,200원"
"617","코카)토레타240ML","1,200원"
"618","파워에이드)마운틴블러스트600ML","2,000원"
"619","파워에이드)마운틴블러스트240ML","1,000원"
"620","코카)태양의식후비법W차500ML","1,800원"
"621","조지아)고티카빈티지라떼270ML","2,200원"
"622","조지아)고티카빈티지블랙270ML","2,200원"
"623","정식품)고칼슘베지밀B팩190ML","1,000원"
"624","정식품)베지밀검은콩190ML","1,000원"
"625","정식품)베지밀B검은콩두유190ML","1,400원"
"626","정식품)아몬드호두두유병190ML","1,400원"
"627","정식품)검은콩고칼슘두유병190ML","1,500원"
"628","영진)구론산바몬드오리지날150ML","1,000원"
"629","영진)구론산스파클링150ML","1,000원"
"630","해태)평창수프리미엄500ML","950원"
"631","천지개벽)한라봉스파클링355ML","1,200원"
"632","HK)헛개수1L","2,500원"
"633","HK)새싹차보리500ML","2,000원"
"634","HK)헛개수500ML","2,000원"
"635","HK)헛개수340ML","1,500원"
"636","HK)컨디션100ML","5,000원"
"637","HK)컨디션레이디100ML","5,000원"
"638","정식품)고칼슘베지밀A팩190ML","1,000원"
"639","맥심)TOP마스터라떼275ML","2,200원"
"640","맥심)TOP스위트아메리카노275ML","2,200원"
"641","한독)레디큐프로120ML","6,000원"
"642","한독)레디큐120ML","5,000원"
"643","일화)천연사이다350ML","1,200원"
"644","일화)맥콜500ML","1,800원"
"645","일화)맥콜350ML","1,500원"
"646","일화)맥콜250ML","1,300원"
"647","광동)솔표위청수골드75ML","1,000원"
"648","광동)비타500캔240ML","1,200원"
"649","광동)대추쌍화150ML","1,500원"
"650","현대)미에로화이바210ML","1,400원"
"651","동서)콜롬비아나블랙240ML","1,200원"
"652","동서)콜롬비아나아메리카노240ML","1,200원"
"653","동서)콜롬비아나카페라떼240ML","1,200원"
"654","맥심)TOP더블랙275ML","2,200원"
"655","크리스탈라이트)피치망고그린2입","1,800원"
"656","크리스탈라이트)핑크레몬2입","1,800원"
"657","카카오프렌즈)망고스무디190ML","2,000원"
"658","카카오프렌즈)복숭아스무디190ML","2,000원"
"659","카카오프렌즈)애플스무디190ML","2,000원"
"660","광동)우엉차500ML","1,600원"
"661","광동)힘찬하루헛개차500ML","1,600원"
"662","광동)옥수수수염차500ML","1,500원"
"663","서울우유)흰우유아이스크림","9,800원"
"664","유어스)쌍쌍맛살110G","2,200원"
"665","한성)각잡다80G","2,000원"
"666","한성)몬스터크랩72G","1,800원"
"667","한성)크래미90G","2,200원"
"668","돌)올라이트바건과일40G","1,200원"
"669","돌)올라이트바크랜베리40G","1,200원"
"670","돌)올라이트바포레스트40G","1,200원"
"671","나뚜루)딸기파인트","11,600원"
"672","나뚜루)바닐라파인트","11,600원"
"673","나뚜루)스트로베리치즈파인트","11,600원"
"674","나뚜루)초코파인트","11,600원"
"675","나뚜루)캐슈바닐라(비건)474ML","11,600원"
"676","나뚜루)코코넛파인애플(비건)474","11,600원"
"677","나뚜루)프렌치아포가또파인트","11,600원"
"678","서울우유)초콜릿우유아이스크림","9,800원"
"679","반찬단지)간장알마늘120G","2,500원"
"680","반찬단지)깻잎무침120G","2,500원"
"681","반찬단지)무말랭이무침120G","2,500원"
"682","매그넘)루비100ML","3,600원"
"683","매그넘)민트바100ML","3,600원"
"684","매그넘)아몬드바100ML","3,600원"
"685","매그넘)클래식바110ML","3,600원"
"686","나뚜루)녹차파인트","11,600원"
"687","CJ)햇반육개장국밥(컵밥)","3,900원"
"688","CJ)햇반황태국밥(컵밥)","3,900원"
"689","CJ)햇반(발아현미밥)210G","2,600원"
"690","CJ)햇반(오곡밥)210G","2,600원"
"691","CJ)햇반(찰잡곡밥)210G","2,600원"
"692","CJ)햇반(흑미밥)210G","2,600원"
"693","CJ)햇반매일잡곡밥210G","2,600원"
"694","CJ)햇반(원형)210G","1,950원"
"695","CJ)누룽지닭백숙죽280G","3,900원"
"696","CJ)비비고단호박죽280G","3,900원"
"697","CJ)비비고버섯야채죽280G","3,900원"
"698","CJ)비비고소고기죽280G","3,900원"
"699","CJ)비비고통단팥죽280G","3,900원"
"700","CJ)비비고흑임자죽280G","3,900원"
"701","CJ)햇반미역국밥(컵밥)","3,900원"
"702","CJ)햇반사골곰탕국밥(컵밥)","3,900원"
"703","유어스)얼큰한육개장500G","3,900원"
"704","CJ)비비고돼지고기김치찌개460G","6,500원"
"705","CJ)비비고스팸부대찌개460G","6,500원"
"706","CJ)비비고차돌된장찌개460G","6,500원"
"707","CJ)비비고소고기무국500G","4,500원"
"708","CJ)비비고소고기미역국500G","4,500원"
"709","CJ)비비고육개장500G","4,500원"
"710","CJ)비비고콩나물황태국500G","4,500원"
"711","팔도)틈새라면볶음면(봉지)","1,050원"
"712","팔도)틈새라면볶음면(용기)","1,500원"
"713","유어스)김치볶음80G","1,000원"
"714","아워홈)소고기무국(컵국)","900원"
"715","아워홈)소고기미역국(컵국)","800원"
"716","아워홈)양지차돌곰탕(컵국)","900원"
"717","유어스)소고기미역국500G","3,900원"
"718","유어스)시원한황태해장국500G","3,900원"
"719","일신)트리플파워푸쉬팝레드3000","3,000원"
"720","리콜라)레몬민트1500","1,500원"
"721","리콜라)크랜베리1500","1,500원"
"722","CJ)맛밤80G","3,500원"
"723","CJ)스팸340G","7,500원"
"724","CJ)스팸200G","5,500원"
"725","CJ)스팸25%라이트200G","5,500원"
"726","CJ)스팸120G","3,500원"
"727","마즈)스니커즈크리스퍼1200","1,200원"
"728","마즈)스니커즈피넛싱글1200","1,200원"
"729","마즈)트윅스1200","1,200원"
"730","동아)박카스맛젤리(신맛)1200","1,200원"
"731","동아)박카스맛젤리1200","1,200원"
"732","훼밀리)아폴로700","700원"
"733","바주카)쥬시드랍팝3000","3,000원"
"734","바주카)트리플푸쉬팝3000","3,000원"
"735","마즈)이클립스페퍼민트2500","2,500원"
"736","마즈)이클립스피치2500","2,500원"
"737","마즈)스키틀즈사우워1000","1,000원"
"738","마즈)트윅스미니사이즈300","300원"
"739","마즈)스니커즈미니500","500원"
"740","마즈)스니커즈헤이즐넛1900","1,900원"
"741","마즈)트윅스싱글4바1900","1,900원"
"742","마즈)스니커즈아몬드1200","1,200원"
"743","하겐)쵸코렛파인트","12,900원"
"744","하겐)칸탈로프멜론파인트473ML","12,900원"
"745","하겐)쿠키앤크림파인트","12,900원"
"746","하겐)피넛버터크런치파인트474ML","12,900원"
"747","마즈)이클립스소프트레몬1500","1,500원"
"748","마즈)이클립스소프트페퍼1500","1,500원"
"749","마즈)이클립스스트로베리2500","2,500원"
"750","마즈)이클립스스피어민트2500","2,500원"
"751","하겐)녹차파인트","12,900원"
"752","하겐)다크초코릿가나슈파인트","12,900원"
"753","하겐)딸기파인트","12,900원"
"754","하겐)로스티드티라떼파인트","12,900원"
"755","하겐)마카다미아파인트","12,900원"
"756","하겐)바닐라파인트","12,900원"
"757","하겐)벨지안초콜릿&헤이즐넛파인","12,900원"
"758","하겐)브라우니마키아또파인트473","12,900원"
"759","머거본)허니버터아몬드30G","1,400원"
"760","맥)행복을주는커피(콜롬비아)","1,200원"
"761","맥)행복을주는커피(헤이즐넛)","1,200원"
"762","하림)닭가슴살리얼바(갈릭)80G","2,000원"
"763","GS)미니언즈과일젤리1800","1,800원"
"764","GS)트롤과일젤리1800","1,800원"
"765","아이배냇)곡물친구딸기8입","3,900원"
"766","아이배냇)곡물친구블루베리8입","3,900원"
"767","니베아)립케어모이스춰","4,100원"
"768","니베아)립케어스트로베리","4,100원"
"769","니베아)립케어체리","4,100원"
"770","니베아)립케어포맨","4,100원"
"771","니베아)마이노블루한정판립케어","4,100원"
"772","니베아립케어망고샤인4.8G","4,100원"
"773","머거본)초코츄러스아몬드25G","1,200원"
"774","머거본)후렌치후라이드아몬드40G","2,000원"
"775","CJ)햇반낙지콩나물비빔밥(컵밥)","4,500원"
"776","CJ)햇반버터장조림비빔밥","4,500원"
"777","CJ)햇반불고기덮밥(컵밥)","4,500원"
"778","CJ)햇반설렁탕밥(컵밥)","4,500원"
"779","CJ)햇반스팸마요덮밥(컵밥)","4,500원"
"780","CJ)햇반제육덮밥(컵밥)","4,500원"
"781","CJ)햇반치킨마요덮밥(컵밥)","4,500원"
"782","오리온)닥터유단백질볼1500","1,500원"
"783","해태)강원평창수2.0L","1,500원"
"784","동아)오로나민C120ML","1,200원"
"785","유어스(P)한우먹는날양곰탕450G","6,500원"
"786","CJ)스팸김치덮밥(컵밥)","4,500원"
"787","CJ)햇반참치마요덮밥(컵밥)","4,500원"
"788","CJ)햇반간장계란덮밥(컵밥)","4,500원"
"789","CJ)햇반강된장보리비빔밥(컵밥)","4,500원"
"790","CJ)햇반김치날치알밥(컵밥)","4,500원"
"791","롯데)도리토스(갈비천왕)1500","1,500원"
"792","롯데)도리토스(나쵸치즈맛)1500","1,500원"
"793","미성)허쉬후퍼스1800","1,800원"
"794","마즈)몰티져스밀크3500","3,500원"
"795","마즈)몰티져스다크1500","1,500원"
"796","마즈)몰티져스밀크1500","1,500원"
"797","심플리쿡)반반연탄불고기","6,900원"
"798","심플리쿡)연탄불닭목살구이","7,900원"
"799","돌)람부탄198G","2,500원"
"800","돌)망고컵198G","2,500원"
"801","돌)배컵198G","2,500원"
"802","돌)복숭아컵198G","2,500원"
"803","돌)파인애플컵198G","2,500원"
"804","롯데)쌀로별1500","1,500원"
"805","롯데)오잉1500","1,500원"
"806","롯데)오잉불짬뽕맛70G","1,500원"
"807","오뚜기)오뚜기젤리1800","1,800원"
"808","네슬레)킷캣팝스1500","1,500원"
"809","세부건망고(40G)","2,500원"
"810","촉촉한꿀고구마(65G/봉)","2,800원"
"811","유어스)드로우유딸기300ML","1,500원"
"812","유어스)드로우유초코300ML","1,500원"
"813","풀무원)잇츠프로틴디카페라떼260","2,500원"
"814","풀무원)잇츠프로틴초코260ML","2,500원"
